{
  "__type__": "cc.SpriteFrame",
  "content": {
    "name": "Tast_stena",
    "atlas": "",
    "rect": {
      "x": 0,
      "y": 0,
      "width": 140,
      "height": 281
    },
    "offset": {
      "x": 0,
      "y": 0
    },
    "originalSize": {
      "width": 140,
      "height": 281
    },
    "rotated": false,
    "capInsets": [
      0,
      0,
      0,
      0
    ],
    "vertices": {
      "rawPosition": [
        -70,
        -140.5,
        0,
        70,
        -140.5,
        0,
        -70,
        140.5,
        0,
        70,
        140.5,
        0
      ],
      "indexes": [
        0,
        1,
        2,
        2,
        1,
        3
      ],
      "uv": [
        0,
        281,
        140,
        281,
        0,
        0,
        140,
        0
      ],
      "nuv": [
        0,
        0,
        1,
        0,
        0,
        1,
        1,
        1
      ],
      "minPos": {
        "x": -70,
        "y": -140.5,
        "z": 0
      },
      "maxPos": {
        "x": 70,
        "y": 140.5,
        "z": 0
      }
    },
    "texture": "d3a27749-f473-4262-b78e-d69a16b5c32a@6c48a",
    "packable": true,
    "pixelsToUnit": 100,
    "pivot": {
      "x": 0.5,
      "y": 0.5
    },
    "meshType": 0
  }
}