{
  "__type__": "cc.SpriteFrame",
  "content": {
    "name": "pngwing.com",
    "atlas": "",
    "rect": {
      "x": 0,
      "y": 0,
      "width": 500,
      "height": 500
    },
    "offset": {
      "x": 0,
      "y": 0
    },
    "originalSize": {
      "width": 500,
      "height": 500
    },
    "rotated": false,
    "capInsets": [
      0,
      0,
      0,
      0
    ],
    "vertices": {
      "rawPosition": [
        -250,
        -250,
        0,
        250,
        -250,
        0,
        -250,
        250,
        0,
        250,
        250,
        0
      ],
      "indexes": [
        0,
        1,
        2,
        2,
        1,
        3
      ],
      "uv": [
        0,
        500,
        500,
        500,
        0,
        0,
        500,
        0
      ],
      "nuv": [
        0,
        0,
        1,
        0,
        0,
        1,
        1,
        1
      ],
      "minPos": {
        "x": -250,
        "y": -250,
        "z": 0
      },
      "maxPos": {
        "x": 250,
        "y": 250,
        "z": 0
      }
    },
    "texture": "824fc2ae-cc7c-41ad-a7a0-54a2ca8cd1f4@6c48a",
    "packable": true,
    "pixelsToUnit": 100,
    "pivot": {
      "x": 0.5,
      "y": 0.5
    },
    "meshType": 0
  }
}