{
  "__type__": "cc.SpriteFrame",
  "content": {
    "name": "pol3",
    "atlas": "",
    "rect": {
      "x": 0,
      "y": 0,
      "width": 40,
      "height": 11
    },
    "offset": {
      "x": 0,
      "y": 0
    },
    "originalSize": {
      "width": 40,
      "height": 11
    },
    "rotated": false,
    "capInsets": [
      0,
      0,
      0,
      0
    ],
    "vertices": {
      "rawPosition": [
        -20,
        -5.5,
        0,
        20,
        -5.5,
        0,
        -20,
        5.5,
        0,
        20,
        5.5,
        0
      ],
      "indexes": [
        0,
        1,
        2,
        2,
        1,
        3
      ],
      "uv": [
        0,
        11,
        40,
        11,
        0,
        0,
        40,
        0
      ],
      "nuv": [
        0,
        0,
        1,
        0,
        0,
        1,
        1,
        1
      ],
      "minPos": {
        "x": -20,
        "y": -5.5,
        "z": 0
      },
      "maxPos": {
        "x": 20,
        "y": 5.5,
        "z": 0
      }
    },
    "texture": "5623aa38-a4c6-4465-b808-6d084093731e@6c48a",
    "packable": true,
    "pixelsToUnit": 100,
    "pivot": {
      "x": 0.5,
      "y": 0.5
    },
    "meshType": 0
  }
}